MSA,DMA
"Atlanta-Sandy Springs-Alpharetta, GA",Atlanta GA
"Austin-Round Rock-Georgetown, TX",Austin TX
"Baltimore-Columbia-Towson, MD",Baltimore MD
"Boston-Cambridge-Newton, MA-NH",Boston MA-Manchester NH
"Charlotte-Concord-Gastonia, NC-SC",Charlotte NC
"Chicago-Naperville-Elgin, IL-IN-WI",Chicago IL
"Cincinnati, OH-KY-IN",Cincinnati OH
"Dallas-Fort Worth-Arlington, TX",Dallas-Ft. Worth TX
"Denver-Aurora-Lakewood, CO",Denver CO
"Detroit-Warren-Dearborn, MI",Detroit MI
"Houston-The Woodlands-Sugar Land, TX",Houston TX
"Las Vegas-Henderson-Paradise, NV",Las Vegas NV
"Los Angeles-Long Beach-Anaheim, CA",Los Angeles CA
"Miami-Fort Lauderdale-Pompano Beach, FL",Miami-Ft. Lauderdale FL
"Minneapolis-St. Paul-Bloomington, MN-WI",Minneapolis-St. Paul MN
"New York-Newark-Jersey City, NY-NJ-PA",New York NY
"Orlando-Kissimmee-Sanford, FL",Orlando-Daytona Beach-Melbourne FL
"Philadelphia-Camden-Wilmington, PA-NJ-DE-MD",Philadelphia PA
"Phoenix-Mesa-Chandler, AZ",Phoenix AZ
"Pittsburgh, PA",Pittsburgh PA
"Portland-Vancouver-Hillsboro, OR-WA",Portland OR
"Sacramento-Roseville-Folsom, CA",Sacramento-Stockton-Modesto CA
"San Antonio-New Braunfels, TX",San Antonio TX
"San Diego-Chula Vista-Carlsbad, CA",San Diego CA
"San Francisco-Oakland-Berkeley, CA",San Francisco-Oakland-San Jose CA
"Seattle-Tacoma-Bellevue, WA",Seattle-Tacoma WA
"St. Louis, MO-IL",St. Louis MO
"Tampa-St. Petersburg-Clearwater, FL",Tampa-St. Petersburg (Sarasota) FL
"Washington-Arlington-Alexandria, DC-VA-MD-WV",Washington DC (Hagerstown MD)
